# Each validly published Gardnerella species (LPSN, ref/gardnerella_type_genomes.tsv) traced through every reference via its type-strain genome.
# gtdb_r207/r220/r226         GTDB species of the type genome in each release (bac120_taxonomy_r*.tsv.gz)
# mpa_vJan25_SGBs_with_label  MetaPhlAn SGBs whose genome labels include Gardnerella_<epithet>, with the clade_name each prints
# mpa_vJan25_type_strain_SGBs SGBs holding a label that ends in the type-strain designation (e.g. Gardnerella_sp_Marseille_Q2328)
# virgo2_genes                genes labelled Gardnerella_<epithet> in VIRGO2 (0 = no VIRGO2 label of that name)
# vmgc_r214_SGBs_labelled     VMGC Tab.S6 SGBs whose GTDB r214.1 species is exactly B. <epithet> (vaginalis -> vaginale)
# *_SGBs_suffixed             SGBs labelled B. <epithet>_<letter>: separate GTDB species clusters with placeholder names
# vmgc_SGBs_type_is_fastani_ref / _other_ref_95ANI   VMGC Tab.S6 SGBs listing the type genome as FastANI reference / other reference at >=95% ANI
# gvmg_r220_SGBs_labelled     GVMG S7 SGBs whose GTDB R220 species is exactly B. <epithet>
# gvmg_SGB_of_type_genome     GVMG S4 SGB (95% ANI) that contains the type genome, its S7 label, and whether that SGB
#                             contributes genomes to the GVMG Kraken profile library (S4 'Profile library')
# vmgc_labelled_SGB_best_gvmg_match  best GVMG SGB match (and ANI) of each VMGC SGB labelled B. <epithet>, from GVMG S20
lpsn_species	authority	type_genome	gtdb_r207	gtdb_r220	gtdb_r226	mpa_vJan25_SGBs_with_label	mpa_vJan25_type_strain_SGBs	virgo2_genes	vmgc_r214_SGBs_labelled	vmgc_r214_SGBs_suffixed	vmgc_SGBs_type_is_fastani_ref	vmgc_SGBs_type_is_other_ref_95ANI	gvmg_r220_SGBs_labelled	gvmg_r220_SGBs_suffixed	gvmg_SGB_of_type_genome	gvmg_label_of_that_SGB	gvmg_SGB_in_kraken_library	vmgc_labelled_SGB_best_gvmg_match
Gardnerella vaginalis	Gardner and Dukes 1955; emend. Greenwood and Pickett 1980; emend. Vaneechoutte et al. 2019	GCF_001042655.1	Bifidobacterium vaginale	Bifidobacterium vaginale	Bifidobacterium vaginale	SGB17301 (printed Gardnerella_vaginalis); SGB17302 (printed Gardnerella_vaginalis); SGB17305 (printed Gardnerella_pickettii); SGB17306 (printed Gardnerella_vaginalis); SGB17308 (printed Gardnerella_vaginalis); SGB17309 (printed Gardnerella_vaginalis); SGB17310 (printed Gardnerella_vaginalis); SGB21500 (printed Gardnerella_vaginalis)	-	11806	5	13	SGB004 (B. vaginale); SGB056 (B. vaginale); SGB068 (B. vaginale); SGB383 (B. vaginale); SGB783 (B. vaginale)	-	1	7	SGB864	Bifidobacterium vaginale	yes	SGB004->SGB864 B. vaginale (97.1% ANI); SGB056->SGB864 B. vaginale (96.7% ANI); SGB068->SGB864 B. vaginale (96.6% ANI); SGB383->SGB864 B. vaginale (97.4% ANI); SGB783->SGB864 B. vaginale (96.9% ANI)
Gardnerella leopoldii	Vaneechoutte et al. 2019	GCF_003293675.1	Bifidobacterium leopoldii	Bifidobacterium leopoldii	Bifidobacterium leopoldii	SGB17307 (printed Gardnerella_swidsinskii)	-	2939	3	0	SGB069 (B. leopoldii); SGB289 (B. leopoldii); SGB347 (B. leopoldii)	SGB005 (B. swidsinskii); SGB306 (B. swidsinskii); SGB458 (B. swidsinskii)	0	0	SGB865	Bifidobacterium swidsinskii	yes	SGB069->SGB865 B. swidsinskii (96.1% ANI); SGB289->SGB865 B. swidsinskii (95.7% ANI); SGB347->SGB872 B. sp003585845 (95.8% ANI)
Gardnerella piotii	Vaneechoutte et al. 2019	GCF_003397585.1	Bifidobacterium piotii	Bifidobacterium piotii	Bifidobacterium piotii	SGB17305 (printed Gardnerella_pickettii)	-	13116	4	0	SGB026 (B. piotii); SGB044 (B. piotii); SGB195 (B. piotii); SGB595 (B. piotii)	-	1	0	SGB862	Bifidobacterium piotii	yes	SGB026->SGB862 B. piotii (97.8% ANI); SGB044->SGB862 B. piotii (97.6% ANI); SGB195->SGB862 B. piotii (96.1% ANI); SGB595->SGB862 B. piotii (96.7% ANI)
Gardnerella swidsinskii	Vaneechoutte et al. 2019	GCF_003397705.1	Bifidobacterium swidsinskii	Bifidobacterium swidsinskii	Bifidobacterium swidsinskii	SGB17307 (printed Gardnerella_swidsinskii)	-	3820	3	0	SGB005 (B. swidsinskii); SGB306 (B. swidsinskii); SGB458 (B. swidsinskii)	SGB069 (B. leopoldii); SGB289 (B. leopoldii); SGB347 (B. leopoldii)	1	0	SGB865	Bifidobacterium swidsinskii	yes	SGB005->SGB865 B. swidsinskii (98.3% ANI); SGB306->SGB865 B. swidsinskii (98.0% ANI); SGB458->SGB865 B. swidsinskii (97.7% ANI)
Gardnerella pickettii	Sousa et al. 2023	GCF_029226345.1	not in release	Bifidobacterium piotii	Bifidobacterium piotii	SGB17305 (printed Gardnerella_pickettii)	-	0	0	0	-	-	0	0	not in catalog	-	-	-
Gardnerella greenwoodii	Sousa et al. 2023	GCF_029207615.1	not in release	Bifidobacterium vaginale_C	Bifidobacterium greenwoodii	SGB17309 (printed Gardnerella_vaginalis)	-	0	0	0	-	-	0	0	not in catalog	-	-	-
Gardnerella bretellae	Allini Ntiguemassa et al. 2026	GCF_048545135.1	not in release	not in release	not in release	-	-	0	0	0	-	-	0	0	not in catalog	-	-	-
Gardnerella lacydonensis	Allini Ntiguemassa et al. 2026	GCF_048545055.1	not in release	not in release	not in release	-	-	0	0	0	-	-	0	0	not in catalog	-	-	-
Gardnerella massiliensis	Allini Ntiguemassa et al. 2026	GCF_940796375.1	not in release	Bifidobacterium vaginale_H	Bifidobacterium vaginale_H	-	SGB21500 (printed Gardnerella_vaginalis)	0	0	0	-	-	0	0	not in catalog	-	-	-
Gardnerella phocaeensis	Allini Ntiguemassa et al. 2026	GCF_048545075.1	not in release	not in release	not in release	-	-	0	0	0	-	-	0	0	not in catalog	-	-	-
